Borough,SR_Type,Agency,Agency2,count,location,aggregate
BRONX,Consumer Complaint,DCA,DCA - 22K,2740,BRONX - 418K ,2.65 Million SRs in 2015
BROOKLYN,Consumer Complaint,DCA,DCA - 22K,4531,BROOKLYN - 718K ,2.65 Million SRs in 2015
MANHATTAN,Consumer Complaint,DCA,DCA - 22K,4635,MANHATTAN - 511K ,2.65 Million SRs in 2015
QUEENS,Consumer Complaint,DCA,DCA - 22K,4533,QUEENS - 554K ,2.65 Million SRs in 2015
STATEN ISLAND,Consumer Complaint,DCA,DCA - 22K,463,STATEN ISLAND - 120K ,2.65 Million SRs in 2015
BRONX,Asbestos,DEP,DEP - 204K,149,BRONX - 418K ,2.65 Million SRs in 2015
BRONX,Lead,DEP,DEP - 204K,153,BRONX - 418K ,2.65 Million SRs in 2015
BRONX,Industrial Waste,DEP,DEP - 204K,182,BRONX - 418K ,2.65 Million SRs in 2015
BRONX,Water Quality,DEP,DEP - 204K,192,BRONX - 418K ,2.65 Million SRs in 2015
BRONX,Internal Code,DEP,DEP - 204K,308,BRONX - 418K ,2.65 Million SRs in 2015
BRONX,Hazardous Materials,DEP,DEP - 204K,413,BRONX - 418K ,2.65 Million SRs in 2015
BRONX,Air Quality,DEP,DEP - 204K,771,BRONX - 418K ,2.65 Million SRs in 2015
BRONX,Water Conservation,DEP,DEP - 204K,888,BRONX - 418K ,2.65 Million SRs in 2015
BRONX,Noise,DEP,DEP - 204K,2978,BRONX - 418K ,2.65 Million SRs in 2015
BRONX,Sewer,DEP,DEP - 204K,4947,BRONX - 418K ,2.65 Million SRs in 2015
BRONX,Water System,DEP,DEP - 204K,11614,BRONX - 418K ,2.65 Million SRs in 2015
BROOKLYN,Internal Code,DEP,DEP - 204K,104,BROOKLYN - 718K ,2.65 Million SRs in 2015
BROOKLYN,Plant,DEP,DEP - 204K,150,BROOKLYN - 718K ,2.65 Million SRs in 2015
BROOKLYN,Water Quality,DEP,DEP - 204K,336,BROOKLYN - 718K ,2.65 Million SRs in 2015
BROOKLYN,Industrial Waste,DEP,DEP - 204K,526,BROOKLYN - 718K ,2.65 Million SRs in 2015
BROOKLYN,Asbestos,DEP,DEP - 204K,558,BROOKLYN - 718K ,2.65 Million SRs in 2015
BROOKLYN,Lead,DEP,DEP - 204K,973,BROOKLYN - 718K ,2.65 Million SRs in 2015
BROOKLYN,Hazardous Materials,DEP,DEP - 204K,1071,BROOKLYN - 718K ,2.65 Million SRs in 2015
BROOKLYN,Water Conservation,DEP,DEP - 204K,1521,BROOKLYN - 718K ,2.65 Million SRs in 2015
BROOKLYN,Air Quality,DEP,DEP - 204K,2802,BROOKLYN - 718K ,2.65 Million SRs in 2015
BROOKLYN,Sewer,DEP,DEP - 204K,12371,BROOKLYN - 718K ,2.65 Million SRs in 2015
BROOKLYN,Noise,DEP,DEP - 204K,15192,BROOKLYN - 718K ,2.65 Million SRs in 2015
BROOKLYN,Water System,DEP,DEP - 204K,20247,BROOKLYN - 718K ,2.65 Million SRs in 2015
MANHATTAN,Water Quality,DEP,DEP - 204K,290,MANHATTAN - 511K ,2.65 Million SRs in 2015
MANHATTAN,Industrial Waste,DEP,DEP - 204K,332,MANHATTAN - 511K ,2.65 Million SRs in 2015
MANHATTAN,Water Conservation,DEP,DEP - 204K,457,MANHATTAN - 511K ,2.65 Million SRs in 2015
MANHATTAN,Lead,DEP,DEP - 204K,580,MANHATTAN - 511K ,2.65 Million SRs in 2015
MANHATTAN,Asbestos,DEP,DEP - 204K,698,MANHATTAN - 511K ,2.65 Million SRs in 2015
MANHATTAN,Hazardous Materials,DEP,DEP - 204K,1040,MANHATTAN - 511K ,2.65 Million SRs in 2015
MANHATTAN,Air Quality,DEP,DEP - 204K,3738,MANHATTAN - 511K ,2.65 Million SRs in 2015
MANHATTAN,Sewer,DEP,DEP - 204K,4654,MANHATTAN - 511K ,2.65 Million SRs in 2015
MANHATTAN,Water System,DEP,DEP - 204K,12897,MANHATTAN - 511K ,2.65 Million SRs in 2015
MANHATTAN,Noise,DEP,DEP - 204K,27211,MANHATTAN - 511K ,2.65 Million SRs in 2015
QUEENS,Internal Code,DEP,DEP - 204K,210,QUEENS - 554K ,2.65 Million SRs in 2015
QUEENS,Water Quality,DEP,DEP - 204K,304,QUEENS - 554K ,2.65 Million SRs in 2015
QUEENS,Asbestos,DEP,DEP - 204K,331,QUEENS - 554K ,2.65 Million SRs in 2015
QUEENS,Lead,DEP,DEP - 204K,480,QUEENS - 554K ,2.65 Million SRs in 2015
QUEENS,Industrial Waste,DEP,DEP - 204K,663,QUEENS - 554K ,2.65 Million SRs in 2015
QUEENS,Hazardous Materials,DEP,DEP - 204K,1031,QUEENS - 554K ,2.65 Million SRs in 2015
QUEENS,Air Quality,DEP,DEP - 204K,1706,QUEENS - 554K ,2.65 Million SRs in 2015
QUEENS,Water Conservation,DEP,DEP - 204K,2106,QUEENS - 554K ,2.65 Million SRs in 2015
QUEENS,Noise,DEP,DEP - 204K,9897,QUEENS - 554K ,2.65 Million SRs in 2015
QUEENS,Sewer,DEP,DEP - 204K,15486,QUEENS - 554K ,2.65 Million SRs in 2015
QUEENS,Water System,DEP,DEP - 204K,20457,QUEENS - 554K ,2.65 Million SRs in 2015
STATEN ISLAND,Water Quality,DEP,DEP - 204K,107,STATEN ISLAND - 120K ,2.65 Million SRs in 2015
STATEN ISLAND,Industrial Waste,DEP,DEP - 204K,182,STATEN ISLAND - 120K ,2.65 Million SRs in 2015
STATEN ISLAND,Hazardous Materials,DEP,DEP - 204K,210,STATEN ISLAND - 120K ,2.65 Million SRs in 2015
STATEN ISLAND,Air Quality,DEP,DEP - 204K,249,STATEN ISLAND - 120K ,2.65 Million SRs in 2015
STATEN ISLAND,Water Conservation,DEP,DEP - 204K,1004,STATEN ISLAND - 120K ,2.65 Million SRs in 2015
STATEN ISLAND,Noise,DEP,DEP - 204K,1697,STATEN ISLAND - 120K ,2.65 Million SRs in 2015
STATEN ISLAND,Sewer,DEP,DEP - 204K,4283,STATEN ISLAND - 120K ,2.65 Million SRs in 2015
STATEN ISLAND,Water System,DEP,DEP - 204K,5678,STATEN ISLAND - 120K ,2.65 Million SRs in 2015
BRONX,Homeless Person Assistance,DHS,DHS - 6K,160,BRONX - 418K ,2.65 Million SRs in 2015
BROOKLYN,Homeless Person Assistance,DHS,DHS - 6K,934,BROOKLYN - 718K ,2.65 Million SRs in 2015
MANHATTAN,Homeless Person Assistance,DHS,DHS - 6K,4505,MANHATTAN - 511K ,2.65 Million SRs in 2015
QUEENS,Homeless Person Assistance,DHS,DHS - 6K,528,QUEENS - 554K ,2.65 Million SRs in 2015
BRONX,Special Projects Inspection Team (SPIT),DOB,DOB - 92K,176,BRONX - 418K ,2.65 Million SRs in 2015
BRONX,Electrical,DOB,DOB - 92K,347,BRONX - 418K ,2.65 Million SRs in 2015
BRONX,Boilers,DOB,DOB - 92K,370,BRONX - 418K ,2.65 Million SRs in 2015
BRONX,Plumbing,DOB,DOB - 92K,637,BRONX - 418K ,2.65 Million SRs in 2015
BRONX,Special Enforcement,DOB,DOB - 92K,877,BRONX - 418K ,2.65 Million SRs in 2015
BRONX,General Construction/Plumbing,DOB,DOB - 92K,2712,BRONX - 418K ,2.65 Million SRs in 2015
BRONX,Building/Use,DOB,DOB - 92K,2997,BRONX - 418K ,2.65 Million SRs in 2015
BRONX,Elevator,DOB,DOB - 92K,3085,BRONX - 418K ,2.65 Million SRs in 2015
BROOKLYN,Construction,DOB,DOB - 92K,112,BROOKLYN - 718K ,2.65 Million SRs in 2015
BROOKLYN,BEST/Site Safety,DOB,DOB - 92K,175,BROOKLYN - 718K ,2.65 Million SRs in 2015
BROOKLYN,Investigations and Discipline (IAD),DOB,DOB - 92K,323,BROOKLYN - 718K ,2.65 Million SRs in 2015
BROOKLYN,Boilers,DOB,DOB - 92K,376,BROOKLYN - 718K ,2.65 Million SRs in 2015
BROOKLYN,Special Enforcement,DOB,DOB - 92K,772,BROOKLYN - 718K ,2.65 Million SRs in 2015
BROOKLYN,Special Projects Inspection Team (SPIT),DOB,DOB - 92K,981,BROOKLYN - 718K ,2.65 Million SRs in 2015
BROOKLYN,Electrical,DOB,DOB - 92K,1033,BROOKLYN - 718K ,2.65 Million SRs in 2015
BROOKLYN,Plumbing,DOB,DOB - 92K,1223,BROOKLYN - 718K ,2.65 Million SRs in 2015
BROOKLYN,Elevator,DOB,DOB - 92K,2458,BROOKLYN - 718K ,2.65 Million SRs in 2015
BROOKLYN,Building/Use,DOB,DOB - 92K,7459,BROOKLYN - 718K ,2.65 Million SRs in 2015
BROOKLYN,General Construction/Plumbing,DOB,DOB - 92K,10233,BROOKLYN - 718K ,2.65 Million SRs in 2015
MANHATTAN,Scaffold Safety,DOB,DOB - 92K,104,MANHATTAN - 511K ,2.65 Million SRs in 2015
MANHATTAN,Cranes and Derricks,DOB,DOB - 92K,141,MANHATTAN - 511K ,2.65 Million SRs in 2015
MANHATTAN,BEST/Site Safety,DOB,DOB - 92K,149,MANHATTAN - 511K ,2.65 Million SRs in 2015
MANHATTAN,Special Enforcement,DOB,DOB - 92K,189,MANHATTAN - 511K ,2.65 Million SRs in 2015
MANHATTAN,Investigations and Discipline (IAD),DOB,DOB - 92K,223,MANHATTAN - 511K ,2.65 Million SRs in 2015
MANHATTAN,Boilers,DOB,DOB - 92K,417,MANHATTAN - 511K ,2.65 Million SRs in 2015
MANHATTAN,Electrical,DOB,DOB - 92K,720,MANHATTAN - 511K ,2.65 Million SRs in 2015
MANHATTAN,Special Projects Inspection Team (SPIT),DOB,DOB - 92K,1336,MANHATTAN - 511K ,2.65 Million SRs in 2015
MANHATTAN,Plumbing,DOB,DOB - 92K,1482,MANHATTAN - 511K ,2.65 Million SRs in 2015
MANHATTAN,Building/Use,DOB,DOB - 92K,1759,MANHATTAN - 511K ,2.65 Million SRs in 2015
MANHATTAN,Elevator,DOB,DOB - 92K,2611,MANHATTAN - 511K ,2.65 Million SRs in 2015
MANHATTAN,General Construction/Plumbing,DOB,DOB - 92K,7415,MANHATTAN - 511K ,2.65 Million SRs in 2015
QUEENS,Investigations and Discipline (IAD),DOB,DOB - 92K,178,QUEENS - 554K ,2.65 Million SRs in 2015
QUEENS,Boilers,DOB,DOB - 92K,189,QUEENS - 554K ,2.65 Million SRs in 2015
QUEENS,Special Projects Inspection Team (SPIT),DOB,DOB - 92K,469,QUEENS - 554K ,2.65 Million SRs in 2015
QUEENS,Electrical,DOB,DOB - 92K,498,QUEENS - 554K ,2.65 Million SRs in 2015
QUEENS,Plumbing,DOB,DOB - 92K,1047,QUEENS - 554K ,2.65 Million SRs in 2015
QUEENS,Elevator,DOB,DOB - 92K,1241,QUEENS - 554K ,2.65 Million SRs in 2015
QUEENS,Special Enforcement,DOB,DOB - 92K,1888,QUEENS - 554K ,2.65 Million SRs in 2015
QUEENS,General Construction/Plumbing,DOB,DOB - 92K,6012,QUEENS - 554K ,2.65 Million SRs in 2015
QUEENS,Construction,DOB,DOB - 92K,6784,QUEENS - 554K ,2.65 Million SRs in 2015
QUEENS,Building/Use,DOB,DOB - 92K,11323,QUEENS - 554K ,2.65 Million SRs in 2015
STATEN ISLAND,Electrical,DOB,DOB - 92K,173,STATEN ISLAND - 120K ,2.65 Million SRs in 2015
STATEN ISLAND,Special Enforcement,DOB,DOB - 92K,199,STATEN ISLAND - 120K ,2.65 Million SRs in 2015
STATEN ISLAND,Plumbing,DOB,DOB - 92K,203,STATEN ISLAND - 120K ,2.65 Million SRs in 2015
STATEN ISLAND,General Construction/Plumbing,DOB,DOB - 92K,1367,STATEN ISLAND - 120K ,2.65 Million SRs in 2015
STATEN ISLAND,Building/Use,DOB,DOB - 92K,1498,STATEN ISLAND - 120K ,2.65 Million SRs in 2015
BRONX,DOF Property - Payment Issue,DOF,DOF - 85K,503,BRONX - 418K ,2.65 Million SRs in 2015
BRONX,DOF Property - Request Copy,DOF,DOF - 85K,556,BRONX - 418K ,2.65 Million SRs in 2015
BRONX,DOF Property - Owner Issue,DOF,DOF - 85K,621,BRONX - 418K ,2.65 Million SRs in 2015
BRONX,SCRIE,DOF,DOF - 85K,1374,BRONX - 418K ,2.65 Million SRs in 2015
BRONX,DOF Property - Reduction Issue,DOF,DOF - 85K,1395,BRONX - 418K ,2.65 Million SRs in 2015
BROOKLYN,DOF Property - Update Account,DOF,DOF - 85K,101,BROOKLYN - 718K ,2.65 Million SRs in 2015
BROOKLYN,DOF Property - Payment Issue,DOF,DOF - 85K,1544,BROOKLYN - 718K ,2.65 Million SRs in 2015
BROOKLYN,DOF Property - Request Copy,DOF,DOF - 85K,1787,BROOKLYN - 718K ,2.65 Million SRs in 2015
BROOKLYN,SCRIE,DOF,DOF - 85K,2023,BROOKLYN - 718K ,2.65 Million SRs in 2015
BROOKLYN,DOF Property - Owner Issue,DOF,DOF - 85K,2545,BROOKLYN - 718K ,2.65 Million SRs in 2015
BROOKLYN,DOF Property - Reduction Issue,DOF,DOF - 85K,2858,BROOKLYN - 718K ,2.65 Million SRs in 2015
MANHATTAN,DOF Property - Request Copy,DOF,DOF - 85K,600,MANHATTAN - 511K ,2.65 Million SRs in 2015
MANHATTAN,DOF Parking - Tax Exemption,DOF,DOF - 85K,920,MANHATTAN - 511K ,2.65 Million SRs in 2015
MANHATTAN,DOF Property - Payment Issue,DOF,DOF - 85K,1225,MANHATTAN - 511K ,2.65 Million SRs in 2015
MANHATTAN,DOF Property - Owner Issue,DOF,DOF - 85K,1465,MANHATTAN - 511K ,2.65 Million SRs in 2015
MANHATTAN,DOF Property - Reduction Issue,DOF,DOF - 85K,2101,MANHATTAN - 511K ,2.65 Million SRs in 2015
MANHATTAN,SCRIE,DOF,DOF - 85K,2215,MANHATTAN - 511K ,2.65 Million SRs in 2015
QUEENS,DOF Property - Payment Issue,DOF,DOF - 85K,1401,QUEENS - 554K ,2.65 Million SRs in 2015
QUEENS,SCRIE,DOF,DOF - 85K,1723,QUEENS - 554K ,2.65 Million SRs in 2015
QUEENS,DOF Property - Request Copy,DOF,DOF - 85K,2228,QUEENS - 554K ,2.65 Million SRs in 2015
QUEENS,DOF Property - Owner Issue,DOF,DOF - 85K,2942,QUEENS - 554K ,2.65 Million SRs in 2015
QUEENS,DOF Property - Reduction Issue,DOF,DOF - 85K,3960,QUEENS - 554K ,2.65 Million SRs in 2015
STATEN ISLAND,SCRIE,DOF,DOF - 85K,111,STATEN ISLAND - 120K ,2.65 Million SRs in 2015
STATEN ISLAND,DOF Property - Payment Issue,DOF,DOF - 85K,431,STATEN ISLAND - 120K ,2.65 Million SRs in 2015
STATEN ISLAND,DOF Property - Request Copy,DOF,DOF - 85K,654,STATEN ISLAND - 120K ,2.65 Million SRs in 2015
STATEN ISLAND,DOF Property - Owner Issue,DOF,DOF - 85K,992,STATEN ISLAND - 120K ,2.65 Million SRs in 2015
STATEN ISLAND,DOF Property - Reduction Issue,DOF,DOF - 85K,1136,STATEN ISLAND - 120K ,2.65 Million SRs in 2015
BRONX,Asbestos,DOHMH,DOHMH - 65K,109,BRONX - 418K ,2.65 Million SRs in 2015
BRONX,Unleashed Dog,DOHMH,DOHMH - 65K,117,BRONX - 418K ,2.65 Million SRs in 2015
BRONX,Standing Water,DOHMH,DOHMH - 65K,172,BRONX - 418K ,2.65 Million SRs in 2015
BRONX,Non-Residential Heat,DOHMH,DOHMH - 65K,179,BRONX - 418K ,2.65 Million SRs in 2015
BRONX,Indoor Sewage,DOHMH,DOHMH - 65K,209,BRONX - 418K ,2.65 Million SRs in 2015
BRONX,Mobile Food Vendor,DOHMH,DOHMH - 65K,213,BRONX - 418K ,2.65 Million SRs in 2015
BRONX,Food Poisoning,DOHMH,DOHMH - 65K,339,BRONX - 418K ,2.65 Million SRs in 2015
BRONX,Smoking,DOHMH,DOHMH - 65K,457,BRONX - 418K ,2.65 Million SRs in 2015
BRONX,Unsanitary Animal Pvt Property,DOHMH,DOHMH - 65K,465,BRONX - 418K ,2.65 Million SRs in 2015
BRONX,Indoor Air Quality,DOHMH,DOHMH - 65K,624,BRONX - 418K ,2.65 Million SRs in 2015
BRONX,Food Establishment,DOHMH,DOHMH - 65K,1023,BRONX - 418K ,2.65 Million SRs in 2015
BRONX,Rodent,DOHMH,DOHMH - 65K,6589,BRONX - 418K ,2.65 Million SRs in 2015
BROOKLYN,Illegal Animal Kept as Pet,DOHMH,DOHMH - 65K,112,BROOKLYN - 718K ,2.65 Million SRs in 2015
BROOKLYN,Mold,DOHMH,DOHMH - 65K,114,BROOKLYN - 718K ,2.65 Million SRs in 2015
BROOKLYN,Asbestos,DOHMH,DOHMH - 65K,145,BROOKLYN - 718K ,2.65 Million SRs in 2015
BROOKLYN,Unleashed Dog,DOHMH,DOHMH - 65K,153,BROOKLYN - 718K ,2.65 Million SRs in 2015
BROOKLYN,Unsanitary Pigeon Condition,DOHMH,DOHMH - 65K,166,BROOKLYN - 718K ,2.65 Million SRs in 2015
BROOKLYN,Mobile Food Vendor,DOHMH,DOHMH - 65K,181,BROOKLYN - 718K ,2.65 Million SRs in 2015
BROOKLYN,Non-Residential Heat,DOHMH,DOHMH - 65K,332,BROOKLYN - 718K ,2.65 Million SRs in 2015
BROOKLYN,Smoking,DOHMH,DOHMH - 65K,411,BROOKLYN - 718K ,2.65 Million SRs in 2015
BROOKLYN,Standing Water,DOHMH,DOHMH - 65K,444,BROOKLYN - 718K ,2.65 Million SRs in 2015
BROOKLYN,Indoor Sewage,DOHMH,DOHMH - 65K,445,BROOKLYN - 718K ,2.65 Million SRs in 2015
BROOKLYN,Unsanitary Animal Pvt Property,DOHMH,DOHMH - 65K,646,BROOKLYN - 718K ,2.65 Million SRs in 2015
BROOKLYN,Food Poisoning,DOHMH,DOHMH - 65K,685,BROOKLYN - 718K ,2.65 Million SRs in 2015
BROOKLYN,Indoor Air Quality,DOHMH,DOHMH - 65K,1326,BROOKLYN - 718K ,2.65 Million SRs in 2015
BROOKLYN,Food Establishment,DOHMH,DOHMH - 65K,2479,BROOKLYN - 718K ,2.65 Million SRs in 2015
BROOKLYN,Rodent,DOHMH,DOHMH - 65K,9398,BROOKLYN - 718K ,2.65 Million SRs in 2015
MANHATTAN,Asbestos,DOHMH,DOHMH - 65K,144,MANHATTAN - 511K ,2.65 Million SRs in 2015
MANHATTAN,Unsanitary Pigeon Condition,DOHMH,DOHMH - 65K,159,MANHATTAN - 511K ,2.65 Million SRs in 2015
MANHATTAN,Standing Water,DOHMH,DOHMH - 65K,180,MANHATTAN - 511K ,2.65 Million SRs in 2015
MANHATTAN,Indoor Sewage,DOHMH,DOHMH - 65K,241,MANHATTAN - 511K ,2.65 Million SRs in 2015
MANHATTAN,Unsanitary Animal Pvt Property,DOHMH,DOHMH - 65K,273,MANHATTAN - 511K ,2.65 Million SRs in 2015
MANHATTAN,Non-Residential Heat,DOHMH,DOHMH - 65K,495,MANHATTAN - 511K ,2.65 Million SRs in 2015
MANHATTAN,Smoking,DOHMH,DOHMH - 65K,497,MANHATTAN - 511K ,2.65 Million SRs in 2015
MANHATTAN,Mobile Food Vendor,DOHMH,DOHMH - 65K,716,MANHATTAN - 511K ,2.65 Million SRs in 2015
MANHATTAN,Food Poisoning,DOHMH,DOHMH - 65K,1211,MANHATTAN - 511K ,2.65 Million SRs in 2015
MANHATTAN,Indoor Air Quality,DOHMH,DOHMH - 65K,1962,MANHATTAN - 511K ,2.65 Million SRs in 2015
MANHATTAN,Food Establishment,DOHMH,DOHMH - 65K,3440,MANHATTAN - 511K ,2.65 Million SRs in 2015
MANHATTAN,Rodent,DOHMH,DOHMH - 65K,6845,MANHATTAN - 511K ,2.65 Million SRs in 2015
QUEENS,Unsanitary Pigeon Condition,DOHMH,DOHMH - 65K,185,QUEENS - 554K ,2.65 Million SRs in 2015
QUEENS,Unleashed Dog,DOHMH,DOHMH - 65K,224,QUEENS - 554K ,2.65 Million SRs in 2015
QUEENS,Indoor Sewage,DOHMH,DOHMH - 65K,231,QUEENS - 554K ,2.65 Million SRs in 2015
QUEENS,Mobile Food Vendor,DOHMH,DOHMH - 65K,265,QUEENS - 554K ,2.65 Million SRs in 2015
QUEENS,Non-Residential Heat,DOHMH,DOHMH - 65K,292,QUEENS - 554K ,2.65 Million SRs in 2015
QUEENS,Smoking,DOHMH,DOHMH - 65K,299,QUEENS - 554K ,2.65 Million SRs in 2015
QUEENS,Standing Water,DOHMH,DOHMH - 65K,432,QUEENS - 554K ,2.65 Million SRs in 2015
QUEENS,Food Poisoning,DOHMH,DOHMH - 65K,599,QUEENS - 554K ,2.65 Million SRs in 2015
QUEENS,Unsanitary Animal Pvt Property,DOHMH,DOHMH - 65K,635,QUEENS - 554K ,2.65 Million SRs in 2015
QUEENS,Indoor Air Quality,DOHMH,DOHMH - 65K,729,QUEENS - 554K ,2.65 Million SRs in 2015
QUEENS,Food Establishment,DOHMH,DOHMH - 65K,2087,QUEENS - 554K ,2.65 Million SRs in 2015
QUEENS,Rodent,DOHMH,DOHMH - 65K,4670,QUEENS - 554K ,2.65 Million SRs in 2015
STATEN ISLAND,Food Poisoning,DOHMH,DOHMH - 65K,131,STATEN ISLAND - 120K ,2.65 Million SRs in 2015
STATEN ISLAND,Unsanitary Animal Pvt Property,DOHMH,DOHMH - 65K,278,STATEN ISLAND - 120K ,2.65 Million SRs in 2015
STATEN ISLAND,Standing Water,DOHMH,DOHMH - 65K,391,STATEN ISLAND - 120K ,2.65 Million SRs in 2015
STATEN ISLAND,Food Establishment,DOHMH,DOHMH - 65K,394,STATEN ISLAND - 120K ,2.65 Million SRs in 2015
STATEN ISLAND,Rodent,DOHMH,DOHMH - 65K,1358,STATEN ISLAND - 120K ,2.65 Million SRs in 2015
BRONX,Street Sign - Dangling,DOT,DOT - 364K,220,BRONX - 418K ,2.65 Million SRs in 2015
BRONX,Bus Stop Shelter Complaint,DOT,DOT - 364K,276,BRONX - 418K ,2.65 Million SRs in 2015
BRONX,Street Sign - Damaged,DOT,DOT - 364K,445,BRONX - 418K ,2.65 Million SRs in 2015
BRONX,Curb Condition,DOT,DOT - 364K,462,BRONX - 418K ,2.65 Million SRs in 2015
BRONX,Street Sign - Missing,DOT,DOT - 364K,589,BRONX - 418K ,2.65 Million SRs in 2015
BRONX,Highway Condition,DOT,DOT - 364K,857,BRONX - 418K ,2.65 Million SRs in 2015
BRONX,Broken Muni Meter,DOT,DOT - 364K,2503,BRONX - 418K ,2.65 Million SRs in 2015
BRONX,Sidewalk Condition,DOT,DOT - 364K,3592,BRONX - 418K ,2.65 Million SRs in 2015
BRONX,Traffic Signal Condition,DOT,DOT - 364K,4811,BRONX - 418K ,2.65 Million SRs in 2015
BRONX,Street Condition,DOT,DOT - 364K,12901,BRONX - 418K ,2.65 Million SRs in 2015
BRONX,Street Light Condition,DOT,DOT - 364K,17816,BRONX - 418K ,2.65 Million SRs in 2015
BROOKLYN,Bridge Condition,DOT,DOT - 364K,156,BROOKLYN - 718K ,2.65 Million SRs in 2015
BROOKLYN,Broken Parking Meter,DOT,DOT - 364K,180,BROOKLYN - 718K ,2.65 Million SRs in 2015
BROOKLYN,Bus Stop Shelter Complaint,DOT,DOT - 364K,355,BROOKLYN - 718K ,2.65 Million SRs in 2015
BROOKLYN,Street Sign - Dangling,DOT,DOT - 364K,597,BROOKLYN - 718K ,2.65 Million SRs in 2015
BROOKLYN,Highway Condition,DOT,DOT - 364K,795,BROOKLYN - 718K ,2.65 Million SRs in 2015
BROOKLYN,Curb Condition,DOT,DOT - 364K,1344,BROOKLYN - 718K ,2.65 Million SRs in 2015
BROOKLYN,Street Sign - Missing,DOT,DOT - 364K,1605,BROOKLYN - 718K ,2.65 Million SRs in 2015
BROOKLYN,Street Sign - Damaged,DOT,DOT - 364K,1654,BROOKLYN - 718K ,2.65 Million SRs in 2015
BROOKLYN,Broken Muni Meter,DOT,DOT - 364K,4965,BROOKLYN - 718K ,2.65 Million SRs in 2015
BROOKLYN,Sidewalk Condition,DOT,DOT - 364K,7980,BROOKLYN - 718K ,2.65 Million SRs in 2015
BROOKLYN,Traffic Signal Condition,DOT,DOT - 364K,14890,BROOKLYN - 718K ,2.65 Million SRs in 2015
BROOKLYN,Street Light Condition,DOT,DOT - 364K,28998,BROOKLYN - 718K ,2.65 Million SRs in 2015
BROOKLYN,Street Condition,DOT,DOT - 364K,35576,BROOKLYN - 718K ,2.65 Million SRs in 2015
MANHATTAN,Bridge Condition,DOT,DOT - 364K,148,MANHATTAN - 511K ,2.65 Million SRs in 2015
MANHATTAN,Bus Stop Shelter Complaint,DOT,DOT - 364K,298,MANHATTAN - 511K ,2.65 Million SRs in 2015
MANHATTAN,Broken Parking Meter,DOT,DOT - 364K,308,MANHATTAN - 511K ,2.65 Million SRs in 2015
MANHATTAN,Street Sign - Dangling,DOT,DOT - 364K,351,MANHATTAN - 511K ,2.65 Million SRs in 2015
MANHATTAN,Street Sign - Missing,DOT,DOT - 364K,583,MANHATTAN - 511K ,2.65 Million SRs in 2015
MANHATTAN,Curb Condition,DOT,DOT - 364K,588,MANHATTAN - 511K ,2.65 Million SRs in 2015
MANHATTAN,Street Sign - Damaged,DOT,DOT - 364K,882,MANHATTAN - 511K ,2.65 Million SRs in 2015
MANHATTAN,Highway Condition,DOT,DOT - 364K,934,MANHATTAN - 511K ,2.65 Million SRs in 2015
MANHATTAN,Sidewalk Condition,DOT,DOT - 364K,4382,MANHATTAN - 511K ,2.65 Million SRs in 2015
MANHATTAN,Traffic Signal Condition,DOT,DOT - 364K,7691,MANHATTAN - 511K ,2.65 Million SRs in 2015
MANHATTAN,Broken Muni Meter,DOT,DOT - 364K,9456,MANHATTAN - 511K ,2.65 Million SRs in 2015
MANHATTAN,Street Light Condition,DOT,DOT - 364K,12514,MANHATTAN - 511K ,2.65 Million SRs in 2015
MANHATTAN,Street Condition,DOT,DOT - 364K,19146,MANHATTAN - 511K ,2.65 Million SRs in 2015
QUEENS,Bridge Condition,DOT,DOT - 364K,101,QUEENS - 554K ,2.65 Million SRs in 2015
QUEENS,Broken Parking Meter,DOT,DOT - 364K,195,QUEENS - 554K ,2.65 Million SRs in 2015
QUEENS,Bus Stop Shelter Complaint,DOT,DOT - 364K,312,QUEENS - 554K ,2.65 Million SRs in 2015
QUEENS,Street Sign - Dangling,DOT,DOT - 364K,886,QUEENS - 554K ,2.65 Million SRs in 2015
QUEENS,Curb Condition,DOT,DOT - 364K,1709,QUEENS - 554K ,2.65 Million SRs in 2015
QUEENS,Street Sign - Missing,DOT,DOT - 364K,1841,QUEENS - 554K ,2.65 Million SRs in 2015
QUEENS,Street Sign - Damaged,DOT,DOT - 364K,2602,QUEENS - 554K ,2.65 Million SRs in 2015
QUEENS,Highway Condition,DOT,DOT - 364K,3704,QUEENS - 554K ,2.65 Million SRs in 2015
QUEENS,Broken Muni Meter,DOT,DOT - 364K,5235,QUEENS - 554K ,2.65 Million SRs in 2015
QUEENS,Sidewalk Condition,DOT,DOT - 364K,8477,QUEENS - 554K ,2.65 Million SRs in 2015
QUEENS,Traffic Signal Condition,DOT,DOT - 364K,12349,QUEENS - 554K ,2.65 Million SRs in 2015
QUEENS,Street Light Condition,DOT,DOT - 364K,31516,QUEENS - 554K ,2.65 Million SRs in 2015
QUEENS,Street Condition,DOT,DOT - 364K,39375,QUEENS - 554K ,2.65 Million SRs in 2015
STATEN ISLAND,Street Sign - Dangling,DOT,DOT - 364K,185,STATEN ISLAND - 120K ,2.65 Million SRs in 2015
STATEN ISLAND,Broken Muni Meter,DOT,DOT - 364K,240,STATEN ISLAND - 120K ,2.65 Million SRs in 2015
STATEN ISLAND,Curb Condition,DOT,DOT - 364K,306,STATEN ISLAND - 120K ,2.65 Million SRs in 2015
STATEN ISLAND,Street Sign - Damaged,DOT,DOT - 364K,373,STATEN ISLAND - 120K ,2.65 Million SRs in 2015
STATEN ISLAND,Street Sign - Missing,DOT,DOT - 364K,434,STATEN ISLAND - 120K ,2.65 Million SRs in 2015
STATEN ISLAND,Highway Condition,DOT,DOT - 364K,649,STATEN ISLAND - 120K ,2.65 Million SRs in 2015
STATEN ISLAND,Traffic Signal Condition,DOT,DOT - 364K,1644,STATEN ISLAND - 120K ,2.65 Million SRs in 2015
STATEN ISLAND,Sidewalk Condition,DOT,DOT - 364K,2064,STATEN ISLAND - 120K ,2.65 Million SRs in 2015
STATEN ISLAND,Street Light Condition,DOT,DOT - 364K,6171,STATEN ISLAND - 120K ,2.65 Million SRs in 2015
STATEN ISLAND,Street Condition,DOT,DOT - 364K,17444,STATEN ISLAND - 120K ,2.65 Million SRs in 2015
BRONX,Animal in a Park,DPR,DPR - 107K,187,BRONX - 418K ,2.65 Million SRs in 2015
BRONX,Illegal Tree Damage,DPR,DPR - 107K,240,BRONX - 418K ,2.65 Million SRs in 2015
BRONX,Violation of Park Rules,DPR,DPR - 107K,346,BRONX - 418K ,2.65 Million SRs in 2015
BRONX,DPR Internal,DPR,DPR - 107K,604,BRONX - 418K ,2.65 Million SRs in 2015
BRONX,Dead Tree,DPR,DPR - 107K,868,BRONX - 418K ,2.65 Million SRs in 2015
BRONX,New Tree Request,DPR,DPR - 107K,1016,BRONX - 418K ,2.65 Million SRs in 2015
BRONX,Root/Sewer/Sidewalk Condition,DPR,DPR - 107K,1027,BRONX - 418K ,2.65 Million SRs in 2015
BRONX,Damaged Tree,DPR,DPR - 107K,1414,BRONX - 418K ,2.65 Million SRs in 2015
BRONX,Maintenance or Facility,DPR,DPR - 107K,1540,BRONX - 418K ,2.65 Million SRs in 2015
BRONX,Overgrown Tree/Branches,DPR,DPR - 107K,1570,BRONX - 418K ,2.65 Million SRs in 2015
BROOKLYN,Violation of Park Rules,DPR,DPR - 107K,331,BROOKLYN - 718K ,2.65 Million SRs in 2015
BROOKLYN,Animal in a Park,DPR,DPR - 107K,401,BROOKLYN - 718K ,2.65 Million SRs in 2015
BROOKLYN,DPR Internal,DPR,DPR - 107K,658,BROOKLYN - 718K ,2.65 Million SRs in 2015
BROOKLYN,Illegal Tree Damage,DPR,DPR - 107K,846,BROOKLYN - 718K ,2.65 Million SRs in 2015
BROOKLYN,Dead Tree,DPR,DPR - 107K,2761,BROOKLYN - 718K ,2.65 Million SRs in 2015
BROOKLYN,Root/Sewer/Sidewalk Condition,DPR,DPR - 107K,3240,BROOKLYN - 718K ,2.65 Million SRs in 2015
BROOKLYN,Maintenance or Facility,DPR,DPR - 107K,3478,BROOKLYN - 718K ,2.65 Million SRs in 2015
BROOKLYN,Overgrown Tree/Branches,DPR,DPR - 107K,5187,BROOKLYN - 718K ,2.65 Million SRs in 2015
BROOKLYN,Damaged Tree,DPR,DPR - 107K,5673,BROOKLYN - 718K ,2.65 Million SRs in 2015
BROOKLYN,New Tree Request,DPR,DPR - 107K,6455,BROOKLYN - 718K ,2.65 Million SRs in 2015
MANHATTAN,Root/Sewer/Sidewalk Condition,DPR,DPR - 107K,176,MANHATTAN - 511K ,2.65 Million SRs in 2015
MANHATTAN,Illegal Tree Damage,DPR,DPR - 107K,536,MANHATTAN - 511K ,2.65 Million SRs in 2015
MANHATTAN,Overgrown Tree/Branches,DPR,DPR - 107K,542,MANHATTAN - 511K ,2.65 Million SRs in 2015
MANHATTAN,Violation of Park Rules,DPR,DPR - 107K,708,MANHATTAN - 511K ,2.65 Million SRs in 2015
MANHATTAN,Animal in a Park,DPR,DPR - 107K,763,MANHATTAN - 511K ,2.65 Million SRs in 2015
MANHATTAN,Damaged Tree,DPR,DPR - 107K,1085,MANHATTAN - 511K ,2.65 Million SRs in 2015
MANHATTAN,Dead Tree,DPR,DPR - 107K,1319,MANHATTAN - 511K ,2.65 Million SRs in 2015
MANHATTAN,DPR Internal,DPR,DPR - 107K,1570,MANHATTAN - 511K ,2.65 Million SRs in 2015
MANHATTAN,New Tree Request,DPR,DPR - 107K,1829,MANHATTAN - 511K ,2.65 Million SRs in 2015
MANHATTAN,Maintenance or Facility,DPR,DPR - 107K,3078,MANHATTAN - 511K ,2.65 Million SRs in 2015
QUEENS,Animal in a Park,DPR,DPR - 107K,352,QUEENS - 554K ,2.65 Million SRs in 2015
QUEENS,Violation of Park Rules,DPR,DPR - 107K,395,QUEENS - 554K ,2.65 Million SRs in 2015
QUEENS,DPR Internal,DPR,DPR - 107K,706,QUEENS - 554K ,2.65 Million SRs in 2015
QUEENS,Illegal Tree Damage,DPR,DPR - 107K,751,QUEENS - 554K ,2.65 Million SRs in 2015
QUEENS,Maintenance or Facility,DPR,DPR - 107K,2941,QUEENS - 554K ,2.65 Million SRs in 2015
QUEENS,Root/Sewer/Sidewalk Condition,DPR,DPR - 107K,3867,QUEENS - 554K ,2.65 Million SRs in 2015
QUEENS,Dead Tree,DPR,DPR - 107K,4215,QUEENS - 554K ,2.65 Million SRs in 2015
QUEENS,New Tree Request,DPR,DPR - 107K,4569,QUEENS - 554K ,2.65 Million SRs in 2015
QUEENS,Overgrown Tree/Branches,DPR,DPR - 107K,5840,QUEENS - 554K ,2.65 Million SRs in 2015
QUEENS,Damaged Tree,DPR,DPR - 107K,7569,QUEENS - 554K ,2.65 Million SRs in 2015
STATEN ISLAND,Animal in a Park,DPR,DPR - 107K,110,STATEN ISLAND - 120K ,2.65 Million SRs in 2015
STATEN ISLAND,Illegal Tree Damage,DPR,DPR - 107K,196,STATEN ISLAND - 120K ,2.65 Million SRs in 2015
STATEN ISLAND,DPR Internal,DPR,DPR - 107K,303,STATEN ISLAND - 120K ,2.65 Million SRs in 2015
STATEN ISLAND,Maintenance or Facility,DPR,DPR - 107K,641,STATEN ISLAND - 120K ,2.65 Million SRs in 2015
STATEN ISLAND,New Tree Request,DPR,DPR - 107K,980,STATEN ISLAND - 120K ,2.65 Million SRs in 2015
STATEN ISLAND,Dead Tree,DPR,DPR - 107K,1173,STATEN ISLAND - 120K ,2.65 Million SRs in 2015
STATEN ISLAND,Root/Sewer/Sidewalk Condition,DPR,DPR - 107K,1549,STATEN ISLAND - 120K ,2.65 Million SRs in 2015
STATEN ISLAND,Damaged Tree,DPR,DPR - 107K,1948,STATEN ISLAND - 120K ,2.65 Million SRs in 2015
STATEN ISLAND,Overgrown Tree/Branches,DPR,DPR - 107K,1951,STATEN ISLAND - 120K ,2.65 Million SRs in 2015
BRONX,Employee Behavior,DSNY,DSNY - 238K,149,BRONX - 418K ,2.65 Million SRs in 2015
BRONX,Overflowing Litter Baskets,DSNY,DSNY - 238K,178,BRONX - 418K ,2.65 Million SRs in 2015
BRONX,Litter Basket / Request,DSNY,DSNY - 238K,269,BRONX - 418K ,2.65 Million SRs in 2015
BRONX,Vacant Lot,DSNY,DSNY - 238K,311,BRONX - 418K ,2.65 Million SRs in 2015
BRONX,Other Enforcement,DSNY,DSNY - 238K,592,BRONX - 418K ,2.65 Million SRs in 2015
BRONX,Snow Removal,DSNY,DSNY - 238K,684,BRONX - 418K ,2.65 Million SRs in 2015
BRONX,Snow,DSNY,DSNY - 238K,1747,BRONX - 418K ,2.65 Million SRs in 2015
BRONX,Missed Collection (All Materials),DSNY,DSNY - 238K,1773,BRONX - 418K ,2.65 Million SRs in 2015
BRONX,Graffiti,DSNY,DSNY - 238K,1982,BRONX - 418K ,2.65 Million SRs in 2015
BRONX,Literature Request,DSNY,DSNY - 238K,2509,BRONX - 418K ,2.65 Million SRs in 2015
BRONX,Derelict Vehicles,DSNY,DSNY - 238K,2815,BRONX - 418K ,2.65 Million SRs in 2015
BRONX,Sanitation Condition,DSNY,DSNY - 238K,3817,BRONX - 418K ,2.65 Million SRs in 2015
BRONX,CFC Recovery,DSNY,DSNY - 238K,4500,BRONX - 418K ,2.65 Million SRs in 2015
BRONX,Dirty Conditions,DSNY,DSNY - 238K,5016,BRONX - 418K ,2.65 Million SRs in 2015
BROOKLYN,DSNY Spillage,DSNY,DSNY - 238K,203,BROOKLYN - 718K ,2.65 Million SRs in 2015
BROOKLYN,Recycling Enforcement,DSNY,DSNY - 238K,249,BROOKLYN - 718K ,2.65 Million SRs in 2015
BROOKLYN,Sweeping/Inadequate,DSNY,DSNY - 238K,268,BROOKLYN - 718K ,2.65 Million SRs in 2015
BROOKLYN,Employee Behavior,DSNY,DSNY - 238K,366,BROOKLYN - 718K ,2.65 Million SRs in 2015
BROOKLYN,Overflowing Litter Baskets,DSNY,DSNY - 238K,427,BROOKLYN - 718K ,2.65 Million SRs in 2015
BROOKLYN,Derelict Bicycle,DSNY,DSNY - 238K,603,BROOKLYN - 718K ,2.65 Million SRs in 2015
BROOKLYN,Vacant Lot,DSNY,DSNY - 238K,695,BROOKLYN - 718K ,2.65 Million SRs in 2015
BROOKLYN,Sweeping/Missed,DSNY,DSNY - 238K,718,BROOKLYN - 718K ,2.65 Million SRs in 2015
BROOKLYN,Snow Removal,DSNY,DSNY - 238K,860,BROOKLYN - 718K ,2.65 Million SRs in 2015
BROOKLYN,Litter Basket / Request,DSNY,DSNY - 238K,981,BROOKLYN - 718K ,2.65 Million SRs in 2015
BROOKLYN,Other Enforcement,DSNY,DSNY - 238K,2216,BROOKLYN - 718K ,2.65 Million SRs in 2015
BROOKLYN,Snow,DSNY,DSNY - 238K,4102,BROOKLYN - 718K ,2.65 Million SRs in 2015
BROOKLYN,Graffiti,DSNY,DSNY - 238K,6480,BROOKLYN - 718K ,2.65 Million SRs in 2015
BROOKLYN,Literature Request,DSNY,DSNY - 238K,7051,BROOKLYN - 718K ,2.65 Million SRs in 2015
BROOKLYN,Missed Collection (All Materials),DSNY,DSNY - 238K,7855,BROOKLYN - 718K ,2.65 Million SRs in 2015
BROOKLYN,Derelict Vehicles,DSNY,DSNY - 238K,7921,BROOKLYN - 718K ,2.65 Million SRs in 2015
BROOKLYN,Dirty Conditions,DSNY,DSNY - 238K,11165,BROOKLYN - 718K ,2.65 Million SRs in 2015
BROOKLYN,Sanitation Condition,DSNY,DSNY - 238K,11866,BROOKLYN - 718K ,2.65 Million SRs in 2015
BROOKLYN,CFC Recovery,DSNY,DSNY - 238K,17402,BROOKLYN - 718K ,2.65 Million SRs in 2015
MANHATTAN,Sweeping/Missed,DSNY,DSNY - 238K,190,MANHATTAN - 511K ,2.65 Million SRs in 2015
MANHATTAN,Employee Behavior,DSNY,DSNY - 238K,195,MANHATTAN - 511K ,2.65 Million SRs in 2015
MANHATTAN,Recycling Enforcement,DSNY,DSNY - 238K,205,MANHATTAN - 511K ,2.65 Million SRs in 2015
MANHATTAN,Snow Removal,DSNY,DSNY - 238K,290,MANHATTAN - 511K ,2.65 Million SRs in 2015
MANHATTAN,Derelict Vehicles,DSNY,DSNY - 238K,416,MANHATTAN - 511K ,2.65 Million SRs in 2015
MANHATTAN,Overflowing Litter Baskets,DSNY,DSNY - 238K,462,MANHATTAN - 511K ,2.65 Million SRs in 2015
MANHATTAN,Derelict Bicycle,DSNY,DSNY - 238K,517,MANHATTAN - 511K ,2.65 Million SRs in 2015
MANHATTAN,Litter Basket / Request,DSNY,DSNY - 238K,617,MANHATTAN - 511K ,2.65 Million SRs in 2015
MANHATTAN,Snow,DSNY,DSNY - 238K,1021,MANHATTAN - 511K ,2.65 Million SRs in 2015
MANHATTAN,Other Enforcement,DSNY,DSNY - 238K,1509,MANHATTAN - 511K ,2.65 Million SRs in 2015
MANHATTAN,Literature Request,DSNY,DSNY - 238K,2220,MANHATTAN - 511K ,2.65 Million SRs in 2015
MANHATTAN,Graffiti,DSNY,DSNY - 238K,2413,MANHATTAN - 511K ,2.65 Million SRs in 2015
MANHATTAN,Missed Collection (All Materials),DSNY,DSNY - 238K,2484,MANHATTAN - 511K ,2.65 Million SRs in 2015
MANHATTAN,Sanitation Condition,DSNY,DSNY - 238K,3369,MANHATTAN - 511K ,2.65 Million SRs in 2015
MANHATTAN,Dirty Conditions,DSNY,DSNY - 238K,4950,MANHATTAN - 511K ,2.65 Million SRs in 2015
MANHATTAN,CFC Recovery,DSNY,DSNY - 238K,7584,MANHATTAN - 511K ,2.65 Million SRs in 2015
QUEENS,Derelict Bicycle,DSNY,DSNY - 238K,135,QUEENS - 554K ,2.65 Million SRs in 2015
QUEENS,DSNY Spillage,DSNY,DSNY - 238K,202,QUEENS - 554K ,2.65 Million SRs in 2015
QUEENS,Sweeping/Missed,DSNY,DSNY - 238K,331,QUEENS - 554K ,2.65 Million SRs in 2015
QUEENS,Employee Behavior,DSNY,DSNY - 238K,343,QUEENS - 554K ,2.65 Million SRs in 2015
QUEENS,Overflowing Litter Baskets,DSNY,DSNY - 238K,354,QUEENS - 554K ,2.65 Million SRs in 2015
QUEENS,Recycling Enforcement,DSNY,DSNY - 238K,487,QUEENS - 554K ,2.65 Million SRs in 2015
QUEENS,Litter Basket / Request,DSNY,DSNY - 238K,524,QUEENS - 554K ,2.65 Million SRs in 2015
QUEENS,Vacant Lot,DSNY,DSNY - 238K,574,QUEENS - 554K ,2.65 Million SRs in 2015
QUEENS,Snow Removal,DSNY,DSNY - 238K,1481,QUEENS - 554K ,2.65 Million SRs in 2015
QUEENS,Other Enforcement,DSNY,DSNY - 238K,1747,QUEENS - 554K ,2.65 Million SRs in 2015
QUEENS,Graffiti,DSNY,DSNY - 238K,2277,QUEENS - 554K ,2.65 Million SRs in 2015
QUEENS,Snow,DSNY,DSNY - 238K,4477,QUEENS - 554K ,2.65 Million SRs in 2015
QUEENS,Derelict Vehicles,DSNY,DSNY - 238K,6494,QUEENS - 554K ,2.65 Million SRs in 2015
QUEENS,Literature Request,DSNY,DSNY - 238K,6976,QUEENS - 554K ,2.65 Million SRs in 2015
QUEENS,Missed Collection (All Materials),DSNY,DSNY - 238K,8331,QUEENS - 554K ,2.65 Million SRs in 2015
QUEENS,Dirty Conditions,DSNY,DSNY - 238K,9762,QUEENS - 554K ,2.65 Million SRs in 2015
QUEENS,Sanitation Condition,DSNY,DSNY - 238K,9877,QUEENS - 554K ,2.65 Million SRs in 2015
QUEENS,CFC Recovery,DSNY,DSNY - 238K,19677,QUEENS - 554K ,2.65 Million SRs in 2015
STATEN ISLAND,Employee Behavior,DSNY,DSNY - 238K,118,STATEN ISLAND - 120K ,2.65 Million SRs in 2015
STATEN ISLAND,Overflowing Litter Baskets,DSNY,DSNY - 238K,121,STATEN ISLAND - 120K ,2.65 Million SRs in 2015
STATEN ISLAND,Litter Basket / Request,DSNY,DSNY - 238K,183,STATEN ISLAND - 120K ,2.65 Million SRs in 2015
STATEN ISLAND,Graffiti,DSNY,DSNY - 238K,250,STATEN ISLAND - 120K ,2.65 Million SRs in 2015
STATEN ISLAND,Vacant Lot,DSNY,DSNY - 238K,339,STATEN ISLAND - 120K ,2.65 Million SRs in 2015
STATEN ISLAND,Other Enforcement,DSNY,DSNY - 238K,453,STATEN ISLAND - 120K ,2.65 Million SRs in 2015
STATEN ISLAND,Derelict Vehicles,DSNY,DSNY - 238K,961,STATEN ISLAND - 120K ,2.65 Million SRs in 2015
STATEN ISLAND,Snow Removal,DSNY,DSNY - 238K,1256,STATEN ISLAND - 120K ,2.65 Million SRs in 2015
STATEN ISLAND,Snow,DSNY,DSNY - 238K,1654,STATEN ISLAND - 120K ,2.65 Million SRs in 2015
STATEN ISLAND,Literature Request,DSNY,DSNY - 238K,2349,STATEN ISLAND - 120K ,2.65 Million SRs in 2015
STATEN ISLAND,Dirty Conditions,DSNY,DSNY - 238K,3012,STATEN ISLAND - 120K ,2.65 Million SRs in 2015
STATEN ISLAND,Sanitation Condition,DSNY,DSNY - 238K,3018,STATEN ISLAND - 120K ,2.65 Million SRs in 2015
STATEN ISLAND,Missed Collection (All Materials),DSNY,DSNY - 238K,4188,STATEN ISLAND - 120K ,2.65 Million SRs in 2015
STATEN ISLAND,CFC Recovery,DSNY,DSNY - 238K,7113,STATEN ISLAND - 120K ,2.65 Million SRs in 2015
BRONX,ELEVATOR,HPD,HPD - 625K,261,BRONX - 418K ,2.65 Million SRs in 2015
BRONX,OUTSIDE BUILDING,HPD,HPD - 625K,343,BRONX - 418K ,2.65 Million SRs in 2015
BRONX,SAFETY,HPD,HPD - 625K,2431,BRONX - 418K ,2.65 Million SRs in 2015
BRONX,APPLIANCE,HPD,HPD - 625K,3697,BRONX - 418K ,2.65 Million SRs in 2015
BRONX,GENERAL,HPD,HPD - 625K,6523,BRONX - 418K ,2.65 Million SRs in 2015
BRONX,FLOORING/STAIRS,HPD,HPD - 625K,8079,BRONX - 418K ,2.65 Million SRs in 2015
BRONX,ELECTRIC,HPD,HPD - 625K,8246,BRONX - 418K ,2.65 Million SRs in 2015
BRONX,WATER LEAK,HPD,HPD - 625K,10688,BRONX - 418K ,2.65 Million SRs in 2015
BRONX,DOOR/WINDOW,HPD,HPD - 625K,11927,BRONX - 418K ,2.65 Million SRs in 2015
BRONX,PLUMBING,HPD,HPD - 625K,16879,BRONX - 418K ,2.65 Million SRs in 2015
BRONX,PAINT/PLASTER,HPD,HPD - 625K,22045,BRONX - 418K ,2.65 Million SRs in 2015
BRONX,UNSANITARY CONDITION,HPD,HPD - 625K,23223,BRONX - 418K ,2.65 Million SRs in 2015
BRONX,HEAT/HOT WATER,HPD,HPD - 625K,70064,BRONX - 418K ,2.65 Million SRs in 2015
BROOKLYN,ELEVATOR,HPD,HPD - 625K,280,BROOKLYN - 718K ,2.65 Million SRs in 2015
BROOKLYN,OUTSIDE BUILDING,HPD,HPD - 625K,552,BROOKLYN - 718K ,2.65 Million SRs in 2015
BROOKLYN,SAFETY,HPD,HPD - 625K,3489,BROOKLYN - 718K ,2.65 Million SRs in 2015
BROOKLYN,APPLIANCE,HPD,HPD - 625K,3492,BROOKLYN - 718K ,2.65 Million SRs in 2015
BROOKLYN,GENERAL,HPD,HPD - 625K,7781,BROOKLYN - 718K ,2.65 Million SRs in 2015
BROOKLYN,FLOORING/STAIRS,HPD,HPD - 625K,9595,BROOKLYN - 718K ,2.65 Million SRs in 2015
BROOKLYN,ELECTRIC,HPD,HPD - 625K,11072,BROOKLYN - 718K ,2.65 Million SRs in 2015
BROOKLYN,WATER LEAK,HPD,HPD - 625K,12820,BROOKLYN - 718K ,2.65 Million SRs in 2015
BROOKLYN,DOOR/WINDOW,HPD,HPD - 625K,13746,BROOKLYN - 718K ,2.65 Million SRs in 2015
BROOKLYN,PLUMBING,HPD,HPD - 625K,18053,BROOKLYN - 718K ,2.65 Million SRs in 2015
BROOKLYN,PAINT/PLASTER,HPD,HPD - 625K,23278,BROOKLYN - 718K ,2.65 Million SRs in 2015
BROOKLYN,UNSANITARY CONDITION,HPD,HPD - 625K,28189,BROOKLYN - 718K ,2.65 Million SRs in 2015
BROOKLYN,HEAT/HOT WATER,HPD,HPD - 625K,66367,BROOKLYN - 718K ,2.65 Million SRs in 2015
MANHATTAN,ELEVATOR,HPD,HPD - 625K,314,MANHATTAN - 511K ,2.65 Million SRs in 2015
MANHATTAN,OUTSIDE BUILDING,HPD,HPD - 625K,435,MANHATTAN - 511K ,2.65 Million SRs in 2015
MANHATTAN,SAFETY,HPD,HPD - 625K,1930,MANHATTAN - 511K ,2.65 Million SRs in 2015
MANHATTAN,APPLIANCE,HPD,HPD - 625K,2247,MANHATTAN - 511K ,2.65 Million SRs in 2015
MANHATTAN,ELECTRIC,HPD,HPD - 625K,5320,MANHATTAN - 511K ,2.65 Million SRs in 2015
MANHATTAN,FLOORING/STAIRS,HPD,HPD - 625K,6599,MANHATTAN - 511K ,2.65 Million SRs in 2015
MANHATTAN,WATER LEAK,HPD,HPD - 625K,6840,MANHATTAN - 511K ,2.65 Million SRs in 2015
MANHATTAN,DOOR/WINDOW,HPD,HPD - 625K,8217,MANHATTAN - 511K ,2.65 Million SRs in 2015
MANHATTAN,GENERAL,HPD,HPD - 625K,8674,MANHATTAN - 511K ,2.65 Million SRs in 2015
MANHATTAN,PLUMBING,HPD,HPD - 625K,11661,MANHATTAN - 511K ,2.65 Million SRs in 2015
MANHATTAN,PAINT/PLASTER,HPD,HPD - 625K,14896,MANHATTAN - 511K ,2.65 Million SRs in 2015
MANHATTAN,UNSANITARY CONDITION,HPD,HPD - 625K,16513,MANHATTAN - 511K ,2.65 Million SRs in 2015
MANHATTAN,HEAT/HOT WATER,HPD,HPD - 625K,53040,MANHATTAN - 511K ,2.65 Million SRs in 2015
QUEENS,ELEVATOR,HPD,HPD - 625K,210,QUEENS - 554K ,2.65 Million SRs in 2015
QUEENS,OUTSIDE BUILDING,HPD,HPD - 625K,276,QUEENS - 554K ,2.65 Million SRs in 2015
QUEENS,APPLIANCE,HPD,HPD - 625K,1369,QUEENS - 554K ,2.65 Million SRs in 2015
QUEENS,SAFETY,HPD,HPD - 625K,1587,QUEENS - 554K ,2.65 Million SRs in 2015
QUEENS,FLOORING/STAIRS,HPD,HPD - 625K,2684,QUEENS - 554K ,2.65 Million SRs in 2015
QUEENS,GENERAL,HPD,HPD - 625K,2960,QUEENS - 554K ,2.65 Million SRs in 2015
QUEENS,WATER LEAK,HPD,HPD - 625K,4029,QUEENS - 554K ,2.65 Million SRs in 2015
QUEENS,ELECTRIC,HPD,HPD - 625K,4364,QUEENS - 554K ,2.65 Million SRs in 2015
QUEENS,DOOR/WINDOW,HPD,HPD - 625K,4696,QUEENS - 554K ,2.65 Million SRs in 2015
QUEENS,PLUMBING,HPD,HPD - 625K,6779,QUEENS - 554K ,2.65 Million SRs in 2015
QUEENS,PAINT/PLASTER,HPD,HPD - 625K,7595,QUEENS - 554K ,2.65 Million SRs in 2015
QUEENS,UNSANITARY CONDITION,HPD,HPD - 625K,11791,QUEENS - 554K ,2.65 Million SRs in 2015
QUEENS,HEAT/HOT WATER,HPD,HPD - 625K,28861,QUEENS - 554K ,2.65 Million SRs in 2015
STATEN ISLAND,APPLIANCE,HPD,HPD - 625K,238,STATEN ISLAND - 120K ,2.65 Million SRs in 2015
STATEN ISLAND,SAFETY,HPD,HPD - 625K,238,STATEN ISLAND - 120K ,2.65 Million SRs in 2015
STATEN ISLAND,GENERAL,HPD,HPD - 625K,383,STATEN ISLAND - 120K ,2.65 Million SRs in 2015
STATEN ISLAND,FLOORING/STAIRS,HPD,HPD - 625K,509,STATEN ISLAND - 120K ,2.65 Million SRs in 2015
STATEN ISLAND,WATER LEAK,HPD,HPD - 625K,594,STATEN ISLAND - 120K ,2.65 Million SRs in 2015
STATEN ISLAND,ELECTRIC,HPD,HPD - 625K,656,STATEN ISLAND - 120K ,2.65 Million SRs in 2015
STATEN ISLAND,DOOR/WINDOW,HPD,HPD - 625K,761,STATEN ISLAND - 120K ,2.65 Million SRs in 2015
STATEN ISLAND,PAINT/PLASTER,HPD,HPD - 625K,939,STATEN ISLAND - 120K ,2.65 Million SRs in 2015
STATEN ISLAND,PLUMBING,HPD,HPD - 625K,1156,STATEN ISLAND - 120K ,2.65 Million SRs in 2015
STATEN ISLAND,UNSANITARY CONDITION,HPD,HPD - 625K,1883,STATEN ISLAND - 120K ,2.65 Million SRs in 2015
STATEN ISLAND,HEAT/HOT WATER,HPD,HPD - 625K,2111,STATEN ISLAND - 120K ,2.65 Million SRs in 2015
BRONX,Drinking,NYPD,NYPD - 585K,203,BRONX - 418K ,2.65 Million SRs in 2015
BRONX,Homeless Encampment,NYPD,NYPD - 585K,272,BRONX - 418K ,2.65 Million SRs in 2015
BRONX,Traffic,NYPD,NYPD - 585K,427,BRONX - 418K ,2.65 Million SRs in 2015
BRONX,Vending,NYPD,NYPD - 585K,431,BRONX - 418K ,2.65 Million SRs in 2015
BRONX,Noise - Park,NYPD,NYPD - 585K,544,BRONX - 418K ,2.65 Million SRs in 2015
BRONX,Non-Emergency Police Matter,NYPD,NYPD - 585K,933,BRONX - 418K ,2.65 Million SRs in 2015
BRONX,Animal Abuse,NYPD,NYPD - 585K,1946,BRONX - 418K ,2.65 Million SRs in 2015
BRONX,Derelict Vehicle,NYPD,NYPD - 585K,2360,BRONX - 418K ,2.65 Million SRs in 2015
BRONX,Noise - Commercial,NYPD,NYPD - 585K,2858,BRONX - 418K ,2.65 Million SRs in 2015
BRONX,Noise - Vehicle,NYPD,NYPD - 585K,3519,BRONX - 418K ,2.65 Million SRs in 2015
BRONX,Noise - Street/Sidewalk,NYPD,NYPD - 585K,9033,BRONX - 418K ,2.65 Million SRs in 2015
BRONX,Illegal Parking,NYPD,NYPD - 585K,9683,BRONX - 418K ,2.65 Million SRs in 2015
BRONX,Blocked Driveway,NYPD,NYPD - 585K,16611,BRONX - 418K ,2.65 Million SRs in 2015
BRONX,Noise - Residential,NYPD,NYPD - 585K,47859,BRONX - 418K ,2.65 Million SRs in 2015
BROOKLYN,Bike/Roller/Skate Chronic,NYPD,NYPD - 585K,124,BROOKLYN - 718K ,2.65 Million SRs in 2015
BROOKLYN,Urinating in Public,NYPD,NYPD - 585K,155,BROOKLYN - 718K ,2.65 Million SRs in 2015
BROOKLYN,Drinking,NYPD,NYPD - 585K,286,BROOKLYN - 718K ,2.65 Million SRs in 2015
BROOKLYN,Noise - House of Worship,NYPD,NYPD - 585K,384,BROOKLYN - 718K ,2.65 Million SRs in 2015
BROOKLYN,Vending,NYPD,NYPD - 585K,561,BROOKLYN - 718K ,2.65 Million SRs in 2015
BROOKLYN,Homeless Encampment,NYPD,NYPD - 585K,931,BROOKLYN - 718K ,2.65 Million SRs in 2015
BROOKLYN,Traffic,NYPD,NYPD - 585K,1239,BROOKLYN - 718K ,2.65 Million SRs in 2015
BROOKLYN,Noise - Park,NYPD,NYPD - 585K,1573,BROOKLYN - 718K ,2.65 Million SRs in 2015
BROOKLYN,Non-Emergency Police Matter,NYPD,NYPD - 585K,1913,BROOKLYN - 718K ,2.65 Million SRs in 2015
BROOKLYN,Animal Abuse,NYPD,NYPD - 585K,3149,BROOKLYN - 718K ,2.65 Million SRs in 2015
BROOKLYN,Noise - Vehicle,NYPD,NYPD - 585K,5874,BROOKLYN - 718K ,2.65 Million SRs in 2015
BROOKLYN,Derelict Vehicle,NYPD,NYPD - 585K,6099,BROOKLYN - 718K ,2.65 Million SRs in 2015
BROOKLYN,Noise - Commercial,NYPD,NYPD - 585K,13603,BROOKLYN - 718K ,2.65 Million SRs in 2015
BROOKLYN,Noise - Street/Sidewalk,NYPD,NYPD - 585K,13803,BROOKLYN - 718K ,2.65 Million SRs in 2015
BROOKLYN,Illegal Parking,NYPD,NYPD - 585K,32889,BROOKLYN - 718K ,2.65 Million SRs in 2015
BROOKLYN,Blocked Driveway,NYPD,NYPD - 585K,35664,BROOKLYN - 718K ,2.65 Million SRs in 2015
BROOKLYN,Noise - Residential,NYPD,NYPD - 585K,61282,BROOKLYN - 718K ,2.65 Million SRs in 2015
MANHATTAN,Panhandling,NYPD,NYPD - 585K,200,MANHATTAN - 511K ,2.65 Million SRs in 2015
MANHATTAN,Noise - House of Worship,NYPD,NYPD - 585K,219,MANHATTAN - 511K ,2.65 Million SRs in 2015
MANHATTAN,Bike/Roller/Skate Chronic,NYPD,NYPD - 585K,252,MANHATTAN - 511K ,2.65 Million SRs in 2015
MANHATTAN,Urinating in Public,NYPD,NYPD - 585K,262,MANHATTAN - 511K ,2.65 Million SRs in 2015
MANHATTAN,Drinking,NYPD,NYPD - 585K,318,MANHATTAN - 511K ,2.65 Million SRs in 2015
MANHATTAN,Derelict Vehicle,NYPD,NYPD - 585K,679,MANHATTAN - 511K ,2.65 Million SRs in 2015
MANHATTAN,Noise - Park,NYPD,NYPD - 585K,1228,MANHATTAN - 511K ,2.65 Million SRs in 2015
MANHATTAN,Non-Emergency Police Matter,NYPD,NYPD - 585K,1492,MANHATTAN - 511K ,2.65 Million SRs in 2015
MANHATTAN,Traffic,NYPD,NYPD - 585K,1758,MANHATTAN - 511K ,2.65 Million SRs in 2015
MANHATTAN,Animal Abuse,NYPD,NYPD - 585K,1908,MANHATTAN - 511K ,2.65 Million SRs in 2015
MANHATTAN,Vending,NYPD,NYPD - 585K,2555,MANHATTAN - 511K ,2.65 Million SRs in 2015
MANHATTAN,Blocked Driveway,NYPD,NYPD - 585K,2669,MANHATTAN - 511K ,2.65 Million SRs in 2015
MANHATTAN,Homeless Encampment,NYPD,NYPD - 585K,2994,MANHATTAN - 511K ,2.65 Million SRs in 2015
MANHATTAN,Noise - Vehicle,NYPD,NYPD - 585K,6200,MANHATTAN - 511K ,2.65 Million SRs in 2015
MANHATTAN,Illegal Parking,NYPD,NYPD - 585K,14306,MANHATTAN - 511K ,2.65 Million SRs in 2015
MANHATTAN,Noise - Commercial,NYPD,NYPD - 585K,18392,MANHATTAN - 511K ,2.65 Million SRs in 2015
MANHATTAN,Noise - Street/Sidewalk,NYPD,NYPD - 585K,22094,MANHATTAN - 511K ,2.65 Million SRs in 2015
MANHATTAN,Noise - Residential,NYPD,NYPD - 585K,45728,MANHATTAN - 511K ,2.65 Million SRs in 2015
QUEENS,Urinating in Public,NYPD,NYPD - 585K,146,QUEENS - 554K ,2.65 Million SRs in 2015
QUEENS,Noise - House of Worship,NYPD,NYPD - 585K,346,QUEENS - 554K ,2.65 Million SRs in 2015
QUEENS,Drinking,NYPD,NYPD - 585K,384,QUEENS - 554K ,2.65 Million SRs in 2015
QUEENS,Vending,NYPD,NYPD - 585K,507,QUEENS - 554K ,2.65 Million SRs in 2015
QUEENS,Homeless Encampment,NYPD,NYPD - 585K,511,QUEENS - 554K ,2.65 Million SRs in 2015
QUEENS,Noise - Park,NYPD,NYPD - 585K,647,QUEENS - 554K ,2.65 Million SRs in 2015
QUEENS,Traffic,NYPD,NYPD - 585K,1492,QUEENS - 554K ,2.65 Million SRs in 2015
QUEENS,Non-Emergency Police Matter,NYPD,NYPD - 585K,2412,QUEENS - 554K ,2.65 Million SRs in 2015
QUEENS,Animal Abuse,NYPD,NYPD - 585K,2583,QUEENS - 554K ,2.65 Million SRs in 2015
QUEENS,Noise - Vehicle,NYPD,NYPD - 585K,3010,QUEENS - 554K ,2.65 Million SRs in 2015
QUEENS,Noise - Street/Sidewalk,NYPD,NYPD - 585K,4618,QUEENS - 554K ,2.65 Million SRs in 2015
QUEENS,Noise - Commercial,NYPD,NYPD - 585K,7273,QUEENS - 554K ,2.65 Million SRs in 2015
QUEENS,Derelict Vehicle,NYPD,NYPD - 585K,9757,QUEENS - 554K ,2.65 Million SRs in 2015
QUEENS,Illegal Parking,NYPD,NYPD - 585K,26600,QUEENS - 554K ,2.65 Million SRs in 2015
QUEENS,Noise - Residential,NYPD,NYPD - 585K,40122,QUEENS - 554K ,2.65 Million SRs in 2015
QUEENS,Blocked Driveway,NYPD,NYPD - 585K,40513,QUEENS - 554K ,2.65 Million SRs in 2015
STATEN ISLAND,Drinking,NYPD,NYPD - 585K,179,STATEN ISLAND - 120K ,2.65 Million SRs in 2015
STATEN ISLAND,Traffic,NYPD,NYPD - 585K,227,STATEN ISLAND - 120K ,2.65 Million SRs in 2015
STATEN ISLAND,Noise - Vehicle,NYPD,NYPD - 585K,417,STATEN ISLAND - 120K ,2.65 Million SRs in 2015
STATEN ISLAND,Posting Advertisement,NYPD,NYPD - 585K,477,STATEN ISLAND - 120K ,2.65 Million SRs in 2015
STATEN ISLAND,Non-Emergency Police Matter,NYPD,NYPD - 585K,646,STATEN ISLAND - 120K ,2.65 Million SRs in 2015
STATEN ISLAND,Animal Abuse,NYPD,NYPD - 585K,768,STATEN ISLAND - 120K ,2.65 Million SRs in 2015
STATEN ISLAND,Noise - Commercial,NYPD,NYPD - 585K,780,STATEN ISLAND - 120K ,2.65 Million SRs in 2015
STATEN ISLAND,Noise - Street/Sidewalk,NYPD,NYPD - 585K,872,STATEN ISLAND - 120K ,2.65 Million SRs in 2015
STATEN ISLAND,Derelict Vehicle,NYPD,NYPD - 585K,2144,STATEN ISLAND - 120K ,2.65 Million SRs in 2015
STATEN ISLAND,Blocked Driveway,NYPD,NYPD - 585K,2776,STATEN ISLAND - 120K ,2.65 Million SRs in 2015
STATEN ISLAND,Illegal Parking,NYPD,NYPD - 585K,6103,STATEN ISLAND - 120K ,2.65 Million SRs in 2015
STATEN ISLAND,Noise - Residential,NYPD,NYPD - 585K,6123,STATEN ISLAND - 120K ,2.65 Million SRs in 2015
BRONX,For Hire Vehicle Complaint,TLC,TLC - 69K,511,BRONX - 418K ,2.65 Million SRs in 2015
BRONX,Lost Property,TLC,TLC - 69K,522,BRONX - 418K ,2.65 Million SRs in 2015
BRONX,Taxi Complaint,TLC,TLC - 69K,614,BRONX - 418K ,2.65 Million SRs in 2015
BROOKLYN,Taxi Report,TLC,TLC - 69K,367,BROOKLYN - 718K ,2.65 Million SRs in 2015
BROOKLYN,For Hire Vehicle Complaint,TLC,TLC - 69K,1071,BROOKLYN - 718K ,2.65 Million SRs in 2015
BROOKLYN,Taxi Complaint,TLC,TLC - 69K,2907,BROOKLYN - 718K ,2.65 Million SRs in 2015
BROOKLYN,Lost Property,TLC,TLC - 69K,5374,BROOKLYN - 718K ,2.65 Million SRs in 2015
MANHATTAN,For Hire Vehicle Report,TLC,TLC - 69K,138,MANHATTAN - 511K ,2.65 Million SRs in 2015
MANHATTAN,Found Property,TLC,TLC - 69K,236,MANHATTAN - 511K ,2.65 Million SRs in 2015
MANHATTAN,For Hire Vehicle Complaint,TLC,TLC - 69K,1466,MANHATTAN - 511K ,2.65 Million SRs in 2015
MANHATTAN,Taxi Report,TLC,TLC - 69K,2145,MANHATTAN - 511K ,2.65 Million SRs in 2015
MANHATTAN,Taxi Complaint,TLC,TLC - 69K,10804,MANHATTAN - 511K ,2.65 Million SRs in 2015
MANHATTAN,Lost Property,TLC,TLC - 69K,27303,MANHATTAN - 511K ,2.65 Million SRs in 2015
QUEENS,Taxi Report,TLC,TLC - 69K,466,QUEENS - 554K ,2.65 Million SRs in 2015
QUEENS,For Hire Vehicle Complaint,TLC,TLC - 69K,780,QUEENS - 554K ,2.65 Million SRs in 2015
QUEENS,Taxi Complaint,TLC,TLC - 69K,2668,QUEENS - 554K ,2.65 Million SRs in 2015
QUEENS,Lost Property,TLC,TLC - 69K,3122,QUEENS - 554K ,2.65 Million SRs in 2015
STATEN ISLAND,For Hire Vehicle Complaint,TLC,TLC - 69K,116,STATEN ISLAND - 120K ,2.65 Million SRs in 2015
